{"cameraMode":{"drawMode":0,"name":"Shaded","section":"Shading Mode"},"sceneLighting":true,"audioPlay":false,"sceneViewState":{"m_AlwaysRefresh":false,"showFog":true,"showSkybox":true,"showFlares":true,"showImageEffects":true,"showParticleSystems":true,"showVisualEffectGraphs":true,"m_FxEnabled":true},"in2DMode":false,"pivot":{"x":156.05014038085938,"y":-18.104171752929689,"z":175.937744140625},"rotation":{"x":-0.0023770174011588098,"y":0.9484358429908752,"z":-0.31693607568740847,"w":-0.007113473489880562},"size":56.704185485839847,"orthographic":false}