{"cameraMode":{"drawMode":0,"name":"Shaded","section":"Shading Mode"},"sceneLighting":false,"audioPlay":false,"sceneViewState":{"m_AlwaysRefresh":false,"showFog":false,"showSkybox":false,"showFlares":false,"showImageEffects":false,"showParticleSystems":false,"showVisualEffectGraphs":true,"m_FxEnabled":true},"in2DMode":false,"pivot":{"x":-0.21521759033203126,"y":0.6079771518707275,"z":0.09847366809844971},"rotation":{"x":-0.12981703877449037,"y":-0.6589581370353699,"z":0.11690934002399445,"w":-0.7316296100616455},"size":1.6040973663330079,"orthographic":false}