{"cameraMode":{"drawMode":0,"name":"Shaded","section":"Shading Mode"},"sceneLighting":false,"audioPlay":false,"sceneViewState":{"m_AlwaysRefresh":false,"showFog":true,"showSkybox":false,"showFlares":true,"showImageEffects":true,"showParticleSystems":true,"showVisualEffectGraphs":true,"m_FxEnabled":true},"in2DMode":false,"pivot":{"x":117.64462280273438,"y":3.13641357421875,"z":162.83055114746095},"rotation":{"x":0.0007539442158304155,"y":0.9990593194961548,"z":-0.0389842614531517,"w":0.019483838230371476},"size":2.5457491874694826,"orthographic":false}